"ID","Name","Email","StreetAddress","City","State","ZipCode","Phone Number"
"ID","Name","Description","QtyOnHand","QtyCommitted","Price","ImagePath"
"1","New York Strip","average weight 1lb","6","0","16","/Anduin/Images/New York Strip.jpg"
"3","Brisket","average weight 3.5lb","3","0","40","/Anduin/Images/BeefBrisket.jpg"
"4","Bone in Rib Steak","average weight 1.65lb","10","0","26","/Anduin/Images/BoneinRibSteak.jpeg"
"6","Sirloin Tip Steak","average weight 1.45 lb","10","0","35.99","/Anduin/Images/SirloinTipSteak.jpg"
"Item","Qty","OrderID"
"ID","Customer","picked"
